{
  "fragments": [
    {
      "id": 1,
      "mood": "CALM",
      "text": "In the quaint Italian village of Positano, nestled along the Amalfi Coast in 1957, the sun began to set, casting long shadows across the cobblestone streets. The warm, golden light filtered through the terraced houses, illuminating the vibrant bougainvillea vines that clung to the walls.\n\nProtagonist, Giuseppe, a local fisherman, sat on the weathered dock, his weathered hands cradling a glass of Chianti. His eyes traced the familiar curve of the bay, the gentle lapping of the waves against the shore a soothing balm for his soul. A soft breeze carried the sound of laughter from the village, yet a pang of sadness weighed heavy on him.\n\nHis heart ached for his late wife, Isabella, who had passed away the previous year. Each sunset brought back memories of their stolen moments together, the tender words they had shared, and the dreams they had cherished. Giuseppe's gaze lingered on a photo of Isabella tucked into the worn pages of"
    },
    {
      "id": 2,
      "mood": "CALM",
      "text": "Giuseppe's eyes glistened with unshed tears as he gazed at the photograph, the memory of Isabella's smile bringing a bittersweet release. The sun dipped below the horizon, casting a warm glow over the village, and the gentle evening breeze carried the sound of children's laughter and the clinking of glasses from the nearby piazza. As the night deepened, the village was enveloped in a peaceful calm. The once bustling streets were now quiet, save for the distant tolling of the church bell, signaling the end of another day. Giuseppe took another sip of his wine, feeling the weight of his loss settle heavily upon him once more. Yet, amidst the sadness, there was a sense of fragile stability, a quiet acceptance of the passing of time and the memories it left behind. The night wore on, and the moon began to rise, casting a gentle light over the village. Giuseppe closed his eyes, letting the soothing sounds of the night wash over him, finding solace in the memories"
    },
    {
      "id": 3,
      "mood": "CALM",
      "text": "The night deepened, and the peaceful calm of the village was only interrupted by the occasional hoot of an owl or the gentle rustling of leaves in the wind. Giuseppe leaned back in his chair, the warmth of the lantern casting long shadows on the cobblestone streets. His heart ached with the weight of loss, but there was a sense of fragile stability in the stillness of the night. The memories of Isabella brought both sadness and joy, a bittersweet release that eased the pain of her absence. As the moon rose higher in the sky, its gentle light illuminated the village, casting an ethereal glow over the stone buildings and ancient trees. Giuseppe closed his eyes, letting the soothing sounds of the night wash over him, finding solace in the memories that filled his mind. The weight of the past seemed to press down on him, but with each breath, he found the strength to carry on, knowing that the memories of Isabella would always be with"
    },
    {
      "id": 4,
      "mood": "CALM",
      "text": "Giuseppe's eyes remained closed, the memories of Isabella playing like a melody in his mind. The night air grew colder, and a gentle breeze brushed against his face. The tranquil calm that once enveloped him began to unravel, as the memories morphed from a soothing balm into a potent elixir. The warmth of the lantern seemed to flicker, mirroring the turmoil within his heart.\n\nThe stillness of the night was no longer a comfort, but a reminder of the emptiness that had consumed him since Isabella's departure. Each memory brought with it a renewed sense of longing and loss, the weight of which threatened to overwhelm him. His chest constricted, and his breaths came in shallow, uneven gasps. The night, once a source of solace, now felt oppressive, as if the darkness itself was pressing down on him.\n\nBut amidst the rising tension, there was also a stubborn determination. Giuseppe refused to let the past consume him."
    },
    {
      "id": 5,
      "mood": "ANXIOUS",
      "text": "Giuseppe's heart raced as he clutched the worn sheet of paper, the words of Isabella's letter etched into his memory. The night had grown darker, the stars obscured by a thick veil of clouds. The lantern cast long, dancing shadows across the garden, each flicker a reminder of the turmoil within.\n\nHis mind raced, piecing together the clues hidden within the letter. The puzzle unfolded before him, a labyrinth of emotions that threatened to consume him. Yet, amidst the anxiety, a glimmer of hope emerged. A solution presented itself, the pieces falling into place like the notes of a well-rehearsed melody.\n\nWith renewed determination, Giuseppe rose to his feet. The night air was crisp against his skin, invigorating him. The tension within him dissipated, replaced by a sense of resolution. He knew what he must do, and with a steadfast resolve, he set off into the night. The mystery of Isabella's whereabouts had"
    }
  ],
  "full_story": "In the quaint Italian village of Positano, nestled along the Amalfi Coast in 1957, the sun began to set, casting long shadows across the cobblestone streets. The warm, golden light filtered through the terraced houses, illuminating the vibrant bougainvillea vines that clung to the walls.\n\nProtagonist, Giuseppe, a local fisherman, sat on the weathered dock, his weathered hands cradling a glass of Chianti. His eyes traced the familiar curve of the bay, the gentle lapping of the waves against the shore a soothing balm for his soul. A soft breeze carried the sound of laughter from the village, yet a pang of sadness weighed heavy on him.\n\nHis heart ached for his late wife, Isabella, who had passed away the previous year. Each sunset brought back memories of their stolen moments together, the tender words they had shared, and the dreams they had cherished. Giuseppe's gaze lingered on a photo of Isabella tucked into the worn pages of\n\nGiuseppe's eyes glistened with unshed tears as he gazed at the photograph, the memory of Isabella's smile bringing a bittersweet release. The sun dipped below the horizon, casting a warm glow over the village, and the gentle evening breeze carried the sound of children's laughter and the clinking of glasses from the nearby piazza. As the night deepened, the village was enveloped in a peaceful calm. The once bustling streets were now quiet, save for the distant tolling of the church bell, signaling the end of another day. Giuseppe took another sip of his wine, feeling the weight of his loss settle heavily upon him once more. Yet, amidst the sadness, there was a sense of fragile stability, a quiet acceptance of the passing of time and the memories it left behind. The night wore on, and the moon began to rise, casting a gentle light over the village. Giuseppe closed his eyes, letting the soothing sounds of the night wash over him, finding solace in the memories\n\nThe night deepened, and the peaceful calm of the village was only interrupted by the occasional hoot of an owl or the gentle rustling of leaves in the wind. Giuseppe leaned back in his chair, the warmth of the lantern casting long shadows on the cobblestone streets. His heart ached with the weight of loss, but there was a sense of fragile stability in the stillness of the night. The memories of Isabella brought both sadness and joy, a bittersweet release that eased the pain of her absence. As the moon rose higher in the sky, its gentle light illuminated the village, casting an ethereal glow over the stone buildings and ancient trees. Giuseppe closed his eyes, letting the soothing sounds of the night wash over him, finding solace in the memories that filled his mind. The weight of the past seemed to press down on him, but with each breath, he found the strength to carry on, knowing that the memories of Isabella would always be with\n\nGiuseppe's eyes remained closed, the memories of Isabella playing like a melody in his mind. The night air grew colder, and a gentle breeze brushed against his face. The tranquil calm that once enveloped him began to unravel, as the memories morphed from a soothing balm into a potent elixir. The warmth of the lantern seemed to flicker, mirroring the turmoil within his heart.\n\nThe stillness of the night was no longer a comfort, but a reminder of the emptiness that had consumed him since Isabella's departure. Each memory brought with it a renewed sense of longing and loss, the weight of which threatened to overwhelm him. His chest constricted, and his breaths came in shallow, uneven gasps. The night, once a source of solace, now felt oppressive, as if the darkness itself was pressing down on him.\n\nBut amidst the rising tension, there was also a stubborn determination. Giuseppe refused to let the past consume him.\n\nGiuseppe's heart raced as he clutched the worn sheet of paper, the words of Isabella's letter etched into his memory. The night had grown darker, the stars obscured by a thick veil of clouds. The lantern cast long, dancing shadows across the garden, each flicker a reminder of the turmoil within.\n\nHis mind raced, piecing together the clues hidden within the letter. The puzzle unfolded before him, a labyrinth of emotions that threatened to consume him. Yet, amidst the anxiety, a glimmer of hope emerged. A solution presented itself, the pieces falling into place like the notes of a well-rehearsed melody.\n\nWith renewed determination, Giuseppe rose to his feet. The night air was crisp against his skin, invigorating him. The tension within him dissipated, replaced by a sense of resolution. He knew what he must do, and with a steadfast resolve, he set off into the night. The mystery of Isabella's whereabouts had"
}