[
  {
    "time": "0.00s–56.00s",
    "top": [
      {
        "label": "energy drops but emotional weight increases, fragile stability, bittersweet release, reflective pac…",
        "score": 0.3759194612503052
      }
    ]
  },
  {
    "time": "56.00s–112.00s",
    "top": [
      {
        "label": "energy drops but emotional weight increases, fragile stability, bittersweet release, reflective pac…",
        "score": 0.4388548731803894
      }
    ]
  },
  {
    "time": "112.00s–168.00s",
    "top": [
      {
        "label": "energy drops but emotional weight increases, fragile stability, bittersweet release, reflective pac…",
        "score": 0.4149650037288666
      }
    ]
  },
  {
    "time": "168.00s–224.00s",
    "top": [
      {
        "label": "restrained intensity; rubato pacing; warm tone; tight and dry texture; rising tension",
        "score": 0.4368126690387726
      }
    ]
  },
  {
    "time": "224.00s–280.00s",
    "top": [
      {
        "label": "featuring harpsichord; moderate energy; rubato pacing; serene tone; spacious texture; high tension",
        "score": 0.4205414056777954
      }
    ]
  }
]